index,MSISDN,Level,Nationality,Age_Bracket,Gender,Wealth_Index,Operator,Contacts,xc,yc,xs,ys
0,m966569154491,0,Sudan,Middle-Agers,MALE,VERY LOW,STC,1,0.30901696042448806,0.9510565808604344,0.9999991676464102,0.9999996240597341
1,m966587421232,1,Saudi Arabia,Middle-Agers,MALE,MEDIUM,STC,1,0.30901710943610267,-0.9510564735720718,0.9999994258566219,-0.9999995418847089
2,m966534024726,1,Saudi Arabia,Seniors,MALE,VERY LOW,STC,1,-0.8090170945349412,0.587785218735669,-0.9999992153418765,0.9999997415464377
3,m966542354415,1,,,,,,1,-0.8090169753256495,-0.5877853498658898,-0.999999132929601,-1.0
4,m966542851709,1,Sudan,Middle-Agers,MALE,LOW MEDIUM,Zain,4,0.9999999999999999,2.38418583364819e-08,-2.452315544451228e-07,1.7627853710562864e-07
